id,name,email,gender,status,created_at,updated_at
4,pruebadejosejajaja,oruebadejosejajs@hola.co,Female,Active,4/15/2021 12:20:03 AM,4/15/2021 6:40:54 AM
5,Dharani Kocchar,dharani_kocchar@herman-dooley.biz,Male,Inactive,4/15/2021 12:20:03 AM,4/15/2021 12:20:03 AM
7,Adityanandan Chopra,adityanandan_chopra@luettgen.name,Female,Active,4/15/2021 12:20:03 AM,4/15/2021 12:20:03 AM
9,Amb. Chapal Kaniyar,kaniyar_chapal_amb@towne-lang.co,Female,Inactive,4/15/2021 12:20:03 AM,4/15/2021 12:20:03 AM
10,Fr. Tanya Sharma,tanya_sharma_fr@wunsch.info,Female,Active,4/15/2021 12:20:03 AM,4/15/2021 12:20:03 AM
11,Aasha Iyer,iyer_aasha@spinka.io,Female,Inactive,4/15/2021 12:20:03 AM,4/15/2021 12:20:03 AM
12,Pres. Digambar Pillai,pres_pillai_digambar@larson.com,Male,Inactive,4/15/2021 12:20:03 AM,4/15/2021 12:20:03 AM
13,Dr. Brajendra Naik,naik_dr_brajendra@deckow.name,Female,Inactive,4/15/2021 12:20:03 AM,4/15/2021 12:20:03 AM
14,Aagneya Jha,jha_aagneya@grant.biz,Male,Active,4/15/2021 12:20:03 AM,4/15/2021 12:20:03 AM
15,Vyctor Hugo,vyctorhugoc@gmail.com.br,Male,Active,4/15/2021 12:20:03 AM,4/15/2021 5:06:11 AM
16,Girja Kaniyar,kaniyar_girja@kunze.org,Female,Inactive,4/15/2021 12:20:03 AM,4/15/2021 12:20:03 AM
17,Kashyap Nehru,kashyap_nehru@osinski.name,Male,Active,4/15/2021 12:20:03 AM,4/15/2021 12:20:03 AM
18,Swami Abbott,swami_abbott@wintheiser-cassin.org,Female,Active,4/15/2021 12:20:03 AM,4/15/2021 12:20:03 AM
24,Ganesh Deshpande PhD,deshpande_phd_ganesh@jones.org,Female,Inactive,4/15/2021 12:20:03 AM,4/15/2021 12:20:03 AM
25,Bheeshma Bharadwaj,bharadwaj_bheeshma@runolfsson.biz,Female,Active,4/15/2021 12:20:03 AM,4/15/2021 12:20:03 AM
26,Washington Luis Cabral da Silva,wluissilva@live.com,Male,Active,4/15/2021 12:20:03 AM,4/15/2021 5:03:00 AM
27,Amb. Chitraksh Patel,amb_chitraksh_patel@auer-heller.net,Female,Active,4/15/2021 12:20:03 AM,4/15/2021 12:20:03 AM
28,Ekalavya Talwar LLD,lld_talwar_ekalavya@renner-jacobi.net,Male,Active,4/15/2021 12:20:03 AM,4/15/2021 12:20:03 AM
35,Dipankar Pandey,dipankar_pandey@pagac-wehner.io,Male,Inactive,4/15/2021 12:20:03 AM,4/15/2021 12:20:03 AM
36,Bhaumik Kaul,bhaumik_kaul@collins.io,Male,Active,4/15/2021 12:20:03 AM,4/15/2021 12:20:03 AM
37,Baala Patil,patil_baala@denesik-bartell.name,Female,Inactive,4/15/2021 12:20:03 AM,4/15/2021 12:20:03 AM
38,Mr. Ambar Guneta,guneta_mr_ambar@ratke.biz,Female,Active,4/15/2021 12:20:03 AM,4/15/2021 12:20:03 AM
39,Girindra Pillai,girindra_pillai@zemlak-ankunding.com,Female,Active,4/15/2021 12:20:03 AM,4/15/2021 12:20:03 AM
40,Sherry Greenfelder,Daryl.Hilpert@yahoo.com,Male,Active,4/15/2021 12:20:03 AM,4/15/2021 5:03:24 AM
41,Ajeet Jha CPA,cpa_ajeet_jha@schmitt.biz,Female,Active,4/15/2021 12:20:03 AM,4/15/2021 12:20:03 AM
42,Abani Khatri LLD,khatri_lld_abani@stokes-walker.io,Female,Active,4/15/2021 12:20:03 AM,4/15/2021 12:20:03 AM
43,Garuda Reddy,garuda_reddy@lindgren.com,Female,Inactive,4/15/2021 12:20:03 AM,4/15/2021 12:20:03 AM
44,Gov. Hiranmaya Panicker,panicker_gov_hiranmaya@collins.co,Female,Inactive,4/15/2021 12:20:03 AM,4/15/2021 12:20:03 AM
45,Pranay Agarwal,pranay_agarwal@littel.net,Male,Active,4/15/2021 12:20:03 AM,4/15/2021 12:20:03 AM
46,Jyotis Trivedi I,trivedi_jyotis_i@lehner-lebsack.biz,Female,Active,4/15/2021 12:20:03 AM,4/15/2021 12:20:03 AM
47,Varalakshmi Mishra,varalakshmi_mishra@hackett-walsh.info,Female,Active,4/15/2021 12:20:03 AM,4/15/2021 12:20:03 AM
48,Mrs. Purnima Talwar,mrs_talwar_purnima@ryan.io,Male,Inactive,4/15/2021 12:20:03 AM,4/15/2021 12:20:03 AM
49,Vishnu Dutta,vishnu_dutta@franecki.name,Female,Active,4/15/2021 12:20:04 AM,4/15/2021 12:20:04 AM
50,Harinakshi Bhattathiri,harinakshi_bhattathiri@shanahan-wisozk.biz,Female,Active,4/15/2021 12:20:04 AM,4/15/2021 12:20:04 AM
51,Lakshmi Gandhi,gandhi_lakshmi@armstrong.com,Male,Inactive,4/15/2021 12:20:04 AM,4/15/2021 12:20:04 AM
53,Devangana Kaur V,v_devangana_kaur@price-renner.co,Male,Inactive,4/15/2021 12:20:04 AM,4/15/2021 12:20:04 AM
54,Brajesh Nair I,brajesh_i_nair@skiles.org,Female,Active,4/15/2021 12:20:04 AM,4/15/2021 12:20:04 AM
55,Nirbhay Arora,arora_nirbhay@kuhic.info,Male,Inactive,4/15/2021 12:20:04 AM,4/15/2021 12:20:04 AM
56,Veda Menon,veda_menon@zulauf.name,Female,Inactive,4/15/2021 12:20:04 AM,4/15/2021 12:20:04 AM
57,Chandraprabha Nair,nair_chandraprabha@jones.org,Male,Active,4/15/2021 12:20:04 AM,4/15/2021 12:20:04 AM
58,Bela Kaur JD,jd_kaur_bela@carter.biz,Male,Inactive,4/15/2021 12:20:04 AM,4/15/2021 12:20:04 AM
59,Gov. Damayanti Iyer,gov_damayanti_iyer@nolan.com,Female,Active,4/15/2021 12:20:04 AM,4/15/2021 12:20:04 AM
61,Chakor Sethi,sethi_chakor@smith-hessel.net,Female,Inactive,4/15/2021 12:20:04 AM,4/15/2021 12:20:04 AM
62,Chinmayanand Somayaji II,chinmayanand_somayaji_ii@will.io,Female,Active,4/15/2021 12:20:04 AM,4/15/2021 12:20:04 AM
63,Rati Tagore,tagore_rati@yost.co,Female,Active,4/15/2021 12:20:04 AM,4/15/2021 12:20:04 AM
64,Sharda Trivedi,sharda_trivedi@kuhlman.org,Male,Inactive,4/15/2021 12:20:04 AM,4/15/2021 12:20:04 AM
65,Rev. Akshita Varma,rev_akshita_varma@wiza.name,Female,Active,4/15/2021 12:20:04 AM,4/15/2021 12:20:04 AM
66,Bhagvan Tagore,bhagvan_tagore@klocko-legros.com,Female,Active,4/15/2021 12:20:04 AM,4/15/2021 12:20:04 AM
67,Chiranjeev Ahuja,chiranjeev_ahuja@kuhic.com,Female,Active,4/15/2021 12:20:04 AM,4/15/2021 12:20:04 AM
68,Aditeya Gill,aditeya_gill@zemlak-bauch.org,Male,Active,4/15/2021 12:20:04 AM,4/15/2021 12:20:04 AM
69,Deependra Mishra,mishra_deependra@brown.biz,Female,Active,4/15/2021 12:20:04 AM,4/15/2021 12:20:04 AM
70,Akshita Adiga,adiga_akshita@hyatt-marquardt.com,Female,Active,4/15/2021 12:20:04 AM,4/15/2021 12:20:04 AM
71,Mr. Anand Swarup Sharma,sharma_anand_mr_swarup@strosin.net,Male,Inactive,4/15/2021 12:20:04 AM,4/15/2021 12:20:04 AM
72,Atreyee Varman,varman_atreyee@emmerich.org,Female,Active,4/15/2021 12:20:04 AM,4/15/2021 12:20:04 AM
73,Dwaipayan Reddy,dwaipayan_reddy@sawayn-lockman.info,Female,Inactive,4/15/2021 12:20:04 AM,4/15/2021 12:20:04 AM
74,Aryan Khatri,khatri_aryan@cole-ledner.net,Female,Active,4/15/2021 12:20:04 AM,4/15/2021 12:20:04 AM
75,Agastya Khan LLD,agastya_lld_khan@yundt.co,Male,Inactive,4/15/2021 12:20:04 AM,4/15/2021 12:20:04 AM
76,Vaijayanti Desai V,v_desai_vaijayanti@fahey-tromp.co,Female,Inactive,4/15/2021 12:20:04 AM,4/15/2021 12:20:04 AM
78,Marut Joshi,joshi_marut@emard.info,Female,Inactive,4/15/2021 12:20:04 AM,4/15/2021 12:20:04 AM
79,Bala Gupta,gupta_bala@dickinson-oberbrunner.name,Male,Active,4/15/2021 12:20:04 AM,4/15/2021 12:20:04 AM
